,"English name","OCG status","OCG debut date","TCG status","TCG debut date","TCG Speed Duel status","TCG Speed Duel debut date"
"Dragonic Warrior","Dragonic Warrior","Not yet released","20 September 2025","Not yet released",,,
Einroid,Einroid,"Not yet released","20 September 2025","Not yet released",,,
Nurikabe,Nurikabe,"Not yet released","20 September 2025","Not yet released",,,
"Illusion Gate","Illusion Gate","Not yet released","13 September 2025","Not yet released",,,
"Eucalyptus Mole","Eucalyptus Mole","Not yet released","13 September 2025","Not yet released",,,
"Chaos Distill","Chaos Distill","Not yet released","13 September 2025","Not yet released",,,
"Maiden in Love","Maiden in Love","Not yet released","13 September 2025","Not yet released",,,
"Fullspeed Warrior","Fullspeed Warrior","Not yet released","6 September 2025","Not yet released",,,
"Junk Warrior Extreme","Junk Warrior Extreme","Not yet released","6 September 2025","Not yet released",,,
"Synchro Fellows","Synchro Fellows","Not yet released","6 September 2025","Not yet released",,,
"Anchorbolt Hedgehog","Anchorbolt Hedgehog","Not yet released","6 September 2025","Not yet released",,,
"Conduction Warrior Linear Magnum ±","Conduction Warrior Linear Magnum ±","Not yet released","1 September 2025","Not yet released",,,
"Prima Light","Prima Light","Not yet released","1 September 2025","Not yet released",,,
"Soul Union","Soul Union","Not yet released","1 September 2025","Not yet released",,,
"Hero's Rule 1: Five Freedoms","Hero's Rule 1: Five Freedoms","Not yet released","1 September 2025","Not yet released",,,
"Ritual of the Matador","Ritual of the Matador","Not yet released","1 September 2025","Not yet released",,,
"Archfiend Matador","Archfiend Matador","Not yet released","1 September 2025","Not yet released",,,
"Ipt al Hecatoncheire","Ipt al Hecatoncheire","Not yet released","23 August 2025","Not yet released",,,
"Hecatoncheire Gygas","Hecatoncheire Gygas","Not yet released","23 August 2025","Not yet released",,,
"Yad al Hecatoncheire","Yad al Hecatoncheire","Not yet released","23 August 2025","Not yet released",,,
"Hecatoncheire Breus","Hecatoncheire Breus","Not yet released","23 August 2025","Not yet released",,,
"Hecatoncheire Jawza","Hecatoncheire Jawza","Not yet released","23 August 2025","Not yet released",,,
"Hecatoncheire Ibel","Hecatoncheire Ibel","Not yet released","23 August 2025","Not yet released",,,
"Hecatoncheire Xeno","Hecatoncheire Xeno","Not yet released","23 August 2025","Not yet released",,,
"Enneacraft - Atoriϝ.MAR","Enneacraft - Atoriϝ.MAR","Not yet released","23 August 2025","Not yet released",,,
"Hecatoncheire Yadel","Hecatoncheire Yadel","Not yet released","23 August 2025","Not yet released",,,
"Hecatoncheire Tartarus","Hecatoncheire Tartarus","Not yet released","23 August 2025","Not yet released",,,
"Killertune Redseal","Killertune Redseal","Not yet released","23 August 2025","Not yet released",,,
"Hecatoncheire Goddus","Hecatoncheire Goddus","Not yet released","23 August 2025","Not yet released",,,
"Dogmatika Chaplain","Dogmatika Chaplain","Not yet released","21 August 2025","Not yet released",,,
"Miasma Necromancer","Miasma Necromancer",Unlimited,"26 July 2025","Not yet released",,,
"Dark Contract with the Zero King","Dark Contract with the Zero King",Unlimited,"26 July 2025","Not yet released",,,
"Ichiki Sayori Hime","Ichiki Sayori Hime",Unlimited,"26 July 2025","Not yet released",,,
"K9-04 Noroi","K9-04 Noroi",Unlimited,"26 July 2025","Not yet released",,,
"Solfachord Happiness","Solfachord Happiness",Unlimited,"26 July 2025","Not yet released",,,
"Magnifistorm Vortex Beauty Valrune","Magnifistorm Vortex Beauty Valrune",Unlimited,"26 July 2025","Not yet released",,,
"Power Patron Machine Doom-Z","Power Patron Machine Doom-Z",Unlimited,"26 July 2025","Not yet released",,,
"Hate Rose Witch","Hate Rose Witch",Unlimited,"26 July 2025","Not yet released",,,
"Gouki Fighting Spirit","Gouki Fighting Spirit",Unlimited,"26 July 2025","Not yet released",,,
"Doom-Z End - Drastrius","Doom-Z End - Drastrius",Unlimited,"26 July 2025","Not yet released",,,
"Chakravartin Sphinx","Chakravartin Sphinx",Unlimited,"26 July 2025","Not yet released",,,
"D/D/D/D Great Dimension King Arc Crisis","D/D/D/D Great Dimension King Arc Crisis",Unlimited,"26 July 2025","Not yet released",,,
"Infernal Punisher","Infernal Punisher",Unlimited,"26 July 2025","Not yet released",,,
Yum☆Yum☆Yummys,Yum☆Yum☆Yummys,Unlimited,"26 July 2025","Not yet released",,,
"Magnifistorming Sovereign Tyranny","Magnifistorming Sovereign Tyranny",Unlimited,"26 July 2025","Not yet released",,,
"Fusion Recruitment","Fusion Recruitment",Unlimited,"26 July 2025","Not yet released",,,
"Magnifistorming Megala","Magnifistorming Megala",Unlimited,"26 July 2025","Not yet released",,,
"Doom-Z Destruction","Doom-Z Destruction",Unlimited,"26 July 2025","Not yet released",,,
"Black Rose Garden","Black Rose Garden",Unlimited,"26 July 2025","Not yet released",,,
Apocaries,Apocaries,Unlimited,"26 July 2025","Not yet released",,,
"Dark Contract with the Different Dimension","Dark Contract with the Different Dimension",Unlimited,"26 July 2025","Not yet released",,,
"Axon Kicker Oracle","Axon Kicker Oracle",Unlimited,"26 July 2025","Not yet released",,,
"K9-666 ""Jacks""","K9-666 ""Jacks""",Unlimited,"26 July 2025","Not yet released",,,
"Solfachord Solfeggia","Solfachord Solfeggia",Unlimited,"26 July 2025","Not yet released",,,
"Magnifistorm Great Pyre Phonix","Magnifistorm Great Pyre Phonix",Unlimited,"26 July 2025","Not yet released",,,
"Jupiter the Power Patron of Destruction","Jupiter the Power Patron of Destruction",Unlimited,"26 July 2025","Not yet released",,,
"Master Peace, the True Dracoverlord","Master Peace, the True Dracoverlord",Unlimited,"26 July 2025","Not yet released",,,
"Gouki Mashin Suprex","Gouki Mashin Suprex",Unlimited,"26 July 2025","Not yet released",,,
"Doom-Z Break Diactorus","Doom-Z Break Diactorus",Unlimited,"26 July 2025","Not yet released",,,
"Tri-Headed Behemoth","Tri-Headed Behemoth",Unlimited,"26 July 2025","Not yet released",,,
"D/D/D Founder King Clovis","D/D/D Founder King Clovis",Unlimited,"26 July 2025","Not yet released",,,
Onomatokage,Onomatokage,Unlimited,"26 July 2025","Not yet released",,,
Marshmao☆Yummy,Marshmao☆Yummy,Unlimited,"26 July 2025","Not yet released",,,
"Megalith Anastasis","Megalith Anastasis",Unlimited,"26 July 2025","Not yet released",,,
"Regenesis Demiurge","Regenesis Demiurge",Unlimited,"26 July 2025","Not yet released",,,
"Magnifistorming Erdam","Magnifistorming Erdam",Unlimited,"26 July 2025","Not yet released",,,
"Artmage Peripeteia -Turmoil-","Artmage Peripeteia -Turmoil-",Unlimited,"26 July 2025","Not yet released",,,
"Violence Witch","Violence Witch",Unlimited,"26 July 2025","Not yet released",,,
"Miss Okiku's Dishrithmetic","Miss Okiku's Dishrithmetic",Unlimited,"26 July 2025","Not yet released",,,
"Serene Psychic Sorceress","Serene Psychic Sorceress",Unlimited,"26 July 2025","Not yet released",,,
"Dogmatika Fleurdelis, the Thunderous","Dogmatika Fleurdelis, the Thunderous",Unlimited,"26 July 2025","Not yet released",,,
"D/D Lance Soldier","D/D Lance Soldier",Unlimited,"26 July 2025","Not yet released",,,
"Solfachord Primoria","Solfachord Primoria",Unlimited,"26 July 2025","Not yet released",,,
"Mariamne Paradox, the True Dracophoenix Knight","Mariamne Paradox, the True Dracophoenix Knight",Unlimited,"26 July 2025","Not yet released",,,
"Magnifistorming Stanza Tribute","Magnifistorming Stanza Tribute",Unlimited,"26 July 2025","Not yet released",,,
"Doom-Z Command ""D.O.O.M.D.U.R.G.""","Doom-Z Command ""D.O.O.M.D.U.R.G.""",Unlimited,"26 July 2025","Not yet released",,,
"Gouki The Tyrant Ogre","Gouki The Tyrant Ogre",Unlimited,"26 July 2025","Not yet released",,,
"Doom-Z Raider","Doom-Z Raider",Unlimited,"26 July 2025","Not yet released",,,
"Taotao the Chanter","Taotao the Chanter",Unlimited,"26 July 2025","Not yet released",,,
"D/D/D Wisdom King Solomon","D/D/D Wisdom King Solomon",Unlimited,"26 July 2025","Not yet released",,,
"Dracotail Phrixl","Dracotail Phrixl",Unlimited,"26 July 2025","Not yet released",,,
"Megalith Phuloch","Megalith Phuloch",Unlimited,"26 July 2025","Not yet released",,,
"Dominus Spiral","Dominus Spiral",Unlimited,"26 July 2025","Not yet released",,,
"Magnifistorming Suen","Magnifistorming Suen",Unlimited,"26 July 2025","Not yet released",,,
"Doom-Z Five - Amalthe","Doom-Z Five - Amalthe",Unlimited,"26 July 2025","Not yet released",,,
"Twilight Rose Black Knight","Twilight Rose Black Knight",Unlimited,"26 July 2025","Not yet released",,,
"Quadogmatika Beast","Quadogmatika Beast",Unlimited,"26 July 2025","Not yet released",,,
"D/D Defense Soldier","D/D Defense Soldier",Unlimited,"26 July 2025","Not yet released",,,
"Draco Stand-Off","Draco Stand-Off",Unlimited,"26 July 2025","Not yet released",,,
"Magnifistorming Summoning Technique","Magnifistorming Summoning Technique",Unlimited,"26 July 2025","Not yet released",,,
"Tragic Twin Threads","Tragic Twin Threads",Unlimited,"26 July 2025","Not yet released",,,
"Gouki Dragon Ogre","Gouki Dragon Ogre",Unlimited,"26 July 2025","Not yet released",,,
"Theorealize Overdrive","Theorealize Overdrive",Unlimited,"26 July 2025","Not yet released",,,
"Cerzebuth, Laimargia of the Ebon Irons","Cerzebuth, Laimargia of the Ebon Irons",Unlimited,"26 July 2025","Not yet released",,,
"D/D/D Sky King Zeus Ragnarok","D/D/D Sky King Zeus Ragnarok",Unlimited,"26 July 2025","Not yet released",,,
"Laevateinn the Burning Blade","Laevateinn the Burning Blade",Unlimited,"26 July 2025","Not yet released",,,
"Dracotail Sting","Dracotail Sting",Unlimited,"26 July 2025","Not yet released",,,
"Megalith Nortra Phulra","Megalith Nortra Phulra",Unlimited,"26 July 2025","Not yet released",,,
"Tri-Brigade Hammer","Tri-Brigade Hammer",Unlimited,"26 July 2025","Not yet released",,,
"Magnifistorming Crothea","Magnifistorming Crothea",Unlimited,"26 July 2025","Not yet released",,,
"Doom-Z Seven - Elara","Doom-Z Seven - Elara",Unlimited,"26 July 2025","Not yet released",,,
"Bramble Rose Dragon","Bramble Rose Dragon",Unlimited,"26 July 2025","Not yet released",,,
"Doom-Z Zero - Drastia","Doom-Z Zero - Drastia",Unlimited,"26 July 2025","Not yet released",,,
"VARefar the Kick Deity","VARefar the Kick Deity",Unlimited,"26 July 2025","Not yet released",,,
"D/D/D Zero Demise King Zero Machinex","D/D/D Zero Demise King Zero Machinex",Unlimited,"26 July 2025","Not yet released",,,
"Tri-Brigade Arms Mouser","Tri-Brigade Arms Mouser",Unlimited,"26 July 2025","Not yet released",,,
"Magnifistorming Sight Trance","Magnifistorming Sight Trance",Unlimited,"26 July 2025","Not yet released",,,
"WAKE CUP! Macchi","WAKE CUP! Macchi",Unlimited,"26 July 2025","Not yet released",,,
"Gouki Sheik Ogre","Gouki Sheik Ogre",Unlimited,"26 July 2025","Not yet released",,,
"Artmage Movement -Lineage-","Artmage Movement -Lineage-",Unlimited,"26 July 2025","Not yet released",,,
"Arequus the Shining Mars Saint","Arequus the Shining Mars Saint",Unlimited,"18 July 2025","Not yet released",,,
"ASHLAN U1000","ASHLAN U1000","Not yet released",,Unlimited,"3 July 2025",,
"R.B. Ga10 Driller","R.B. Ga10 Driller","Not yet released",,Unlimited,"3 July 2025",,
"Mutiny in the Sky","Mutiny in the Sky","Not yet released",,Unlimited,"3 July 2025",,
"R.B. Funk Dock","R.B. Funk Dock","Not yet released",,Unlimited,"3 July 2025",,
"Psychic Omnibuster","Psychic Omnibuster","Not yet released",,Unlimited,"3 July 2025",,
"R.B. Ga10 Cutter","R.B. Ga10 Cutter","Not yet released",,Unlimited,"3 July 2025",,
"Xyz Lay","Xyz Lay","Not yet released",,Unlimited,"3 July 2025",,
"R.B. Stage Landing","R.B. Stage Landing","Not yet released",,Unlimited,"3 July 2025",,
"Buio the Dawn's Light","Buio the Dawn's Light","Not yet released",,Unlimited,"3 July 2025",,
"R.B. VALCan Rocket","R.B. VALCan Rocket","Not yet released",,Unlimited,"3 July 2025",,
"Readying of Rites","Readying of Rites","Not yet released",,Unlimited,"3 July 2025",,
"Luce the Dusk's Dark","Luce the Dusk's Dark","Not yet released",,Unlimited,"3 July 2025",,
"R.B. VALCan Booster","R.B. VALCan Booster","Not yet released",,Unlimited,"3 July 2025",,
"Miracle Raven","Miracle Raven","Not yet released",,Unlimited,"3 July 2025",,
"Steel-Stringed Sacrifice","Steel-Stringed Sacrifice","Not yet released",,Unlimited,"3 July 2025",,
"R.B. The Brute Blues","R.B. The Brute Blues","Not yet released",,Unlimited,"3 July 2025",,
"Gargardo the Necroforger Fiend","Gargardo the Necroforger Fiend",Unlimited,"1 July 2025","Not yet released",,,
"Masked HERO Atomic","Masked HERO Atomic",Unlimited,"28 June 2025","Not yet released",,,
"Masked HERO Dusk Crow","Masked HERO Dusk Crow",Unlimited,"28 June 2025","Not yet released",,,
"Uzuhime the Manifested Mikanko","Uzuhime the Manifested Mikanko",Unlimited,"28 June 2025","Not yet released",,,
"Timaeus the United Magidragon","Timaeus the United Magidragon",Unlimited,"28 June 2025","Not yet released",,,
"The Gaze of Timaeus","The Gaze of Timaeus",Unlimited,"28 June 2025","Not yet released",,,
"Sanaki the Mikanko Devotee","Sanaki the Mikanko Devotee",Unlimited,"28 June 2025","Not yet released",,,
"Masked HERO Furnace","Masked HERO Furnace",Unlimited,"28 June 2025","Not yet released",,,
"Dark Magician of Destruction","Dark Magician of Destruction",Unlimited,"28 June 2025","Not yet released",,,
"Mikanko Divine Dance - Futahashira no Uzu no Miko","Mikanko Divine Dance - Futahashira no Uzu no Miko",Unlimited,"28 June 2025","Not yet released",,,
Decoy,Decoy,Unlimited,"24 June 2025","Not yet released",,,
"Dark Magic Amulet","Dark Magic Amulet",Unlimited,"20 June 2025","Not yet released",,,
"Elemental HERO Thunder Giant - Voltic Thunder","Elemental HERO Thunder Giant - Voltic Thunder",Unlimited,"28 May 2025","Not yet released",,,
"Light Water Dragon","Light Water Dragon",Unlimited,"28 May 2025","Not yet released",,,
"Drill Armed Dragon","Drill Armed Dragon",Unlimited,"28 May 2025","Not yet released",,,
"Drawbread (card)",Drawbread,Unlimited,"21 May 2025","Not yet released",,,
"Saiba the Fighting Swordsmith","Saiba the Fighting Swordsmith",Unlimited,"2 May 2025","Not yet released",,,
"Dawn Angel Kambi","Dawn Angel Kambi","Not yet released",,Unlimited,"1 May 2025",,
"Mitsurugi Mirror","Mitsurugi Mirror","Not yet released",,Unlimited,"1 May 2025",,
"Replicard LAD","Replicard LAD","Not yet released",,Unlimited,"1 May 2025",,
"Toxic Boxfish","Toxic Boxfish","Not yet released",,Unlimited,"1 May 2025",,
"Hrimnir the Divine Follower","Hrimnir the Divine Follower","Not yet released",,Unlimited,"1 May 2025",,
"Mitsurugi Magatama","Mitsurugi Magatama","Not yet released",,Unlimited,"1 May 2025",,
"Mitsurugi no Mikoto, Aramasa","Mitsurugi no Mikoto, Aramasa","Not yet released",,Unlimited,"1 May 2025",,
"Vingolf's Blessing","Vingolf's Blessing","Not yet released",,Unlimited,"1 May 2025",,
"Mitsurugi Sacred Boundary","Mitsurugi Sacred Boundary","Not yet released",,Unlimited,"1 May 2025",,
"Fish and Bids","Fish and Bids","Not yet released",,Unlimited,"1 May 2025",,
"Mitsurugi no Miko, Wousu","Mitsurugi no Miko, Wousu","Not yet released",,Unlimited,"1 May 2025",,
"Tiki Peace","Tiki Peace","Not yet released",,Unlimited,"1 May 2025",,
"Mitsurugi Tempest","Mitsurugi Tempest","Not yet released",,Unlimited,"1 May 2025",,
Aspischool,Aspischool,"Not yet released",,Unlimited,"1 May 2025",,
"Ame no Habakiri no Mitsurugi","Ame no Habakiri no Mitsurugi","Not yet released",,Unlimited,"1 May 2025",,
"Sakra Vendirage","Sakra Vendirage","Not yet released",,Unlimited,"1 May 2025",,
"Prototype Sky Striker Ace - Amatsu","Prototype Sky Striker Ace - Amatsu",Unlimited,"21 April 2025","Not yet released",,,
"Anotherverse Stratios","Anotherverse Stratios",Unlimited,"12 April 2025","Not yet released",,,
"Invoked Magistus Omega","Invoked Magistus Omega",Unlimited,"4 April 2025","Not yet released",,,
"Stinger the Electric Expeller","Stinger the Electric Expeller",Unlimited,"1 April 2025","Not yet released",,,
"Dragon Tail Altharion","Dragon Tail Altharion",Unlimited,"22 March 2025","Not yet released",,,
"Cupsie★Yummy Way","Cupsie★Yummy Way",Unlimited,"22 March 2025","Not yet released",,,
"Dragon Tail Gramel","Dragon Tail Gramel",Unlimited,"22 March 2025","Not yet released",,,
Yummysment☆Minion,Yummysment☆Minion,Unlimited,"22 March 2025","Not yet released",,,
"Ketu Dragon Tail","Ketu Dragon Tail",Unlimited,"22 March 2025","Not yet released",,,
"Dragon Tail Horn","Dragon Tail Horn",Unlimited,"22 March 2025","Not yet released",,,
"Dragon Tail Mulr","Dragon Tail Mulr",Unlimited,"22 March 2025","Not yet released",,,
"Dragon Tail Pan","Dragon Tail Pan",Unlimited,"22 March 2025","Not yet released",,,
Cupsie☆Yummy,Cupsie☆Yummy,Unlimited,"22 March 2025","Not yet released",,,
"Veiss Shark","Veiss Shark",Unlimited,"21 March 2025","Not yet released",,,
"Soul of Gaia the Fierce Knight","Soul of Gaia the Fierce Knight",Unlimited,"21 March 2025","Not yet released",,,
"Starship Adjust Plane","Starship Adjust Plane",Unlimited,"19 March 2025","Not yet released",,,
Darkuriboh,Darkuriboh,Unlimited,"19 March 2025","Not yet released",,,
"Anubis the Last Judge","Anubis the Last Judge","Not yet released",,Unlimited,"13 March 2025",,
"Dangers of the Divine","Dangers of the Divine","Not yet released",,Unlimited,"13 March 2025",,
"Merciless Scorpion of Serket","Merciless Scorpion of Serket","Not yet released",,Unlimited,"13 March 2025",,
"Divine Scorpion Beast of Serket","Divine Scorpion Beast of Serket","Not yet released",,Unlimited,"13 March 2025",,
"Apophis the Serpent","Apophis the Serpent","Not yet released",,Unlimited,"13 March 2025",,
"Treasures of the Kings","Treasures of the Kings","Not yet released",,Unlimited,"13 March 2025",,
"The Man with the Mark","The Man with the Mark","Not yet released",,Unlimited,"13 March 2025",,
"Divine Serpent Apophis","Divine Serpent Apophis","Not yet released",,Unlimited,"13 March 2025",,
"Verdict of Anubis","Verdict of Anubis","Not yet released",,Unlimited,"13 March 2025",,
"Defense of the Temple","Defense of the Temple","Not yet released",,Unlimited,"13 March 2025",,
"Soulicer Crystal","Soulicer Crystal",Unlimited,"20 February 2025","Not yet released",,,
"The Toil of the Normal","The Toil of the Normal","Not yet released",,Unlimited,"23 January 2025",,
"Mitsurugi Ritual","Mitsurugi Ritual","Not yet released",,Unlimited,"23 January 2025",,
"Dark Necromancer","Dark Necromancer","Not yet released",,Unlimited,"23 January 2025",,
"Ripple Bird","Ripple Bird","Not yet released",,Unlimited,"23 January 2025",,
"Mitsurugi Great Purification","Mitsurugi Great Purification","Not yet released",,Unlimited,"23 January 2025",,
"Shadow Severing Strike","Shadow Severing Strike","Not yet released",,Unlimited,"23 January 2025",,
"Mitsurugi no Mikoto, Saji","Mitsurugi no Mikoto, Saji","Not yet released",,Unlimited,"23 January 2025",,
"D.D. Post","D.D. Post","Not yet released",,Unlimited,"23 January 2025",,
"Futsu no Mitama no Mitsurugi","Futsu no Mitama no Mitsurugi","Not yet released",,Unlimited,"23 January 2025",,
"Vulcarrion the Rotting Phoenix","Vulcarrion the Rotting Phoenix","Not yet released",,Unlimited,"23 January 2025",,
"Ame no Murakumo no Mitsurugi","Ame no Murakumo no Mitsurugi","Not yet released",,Unlimited,"23 January 2025",,
"Beast of Talwar - The Sword Summit","Beast of Talwar - The Sword Summit","Not yet released",,Unlimited,"23 January 2025",,
"Mitsurugi no Mikoto, Kusanagi","Mitsurugi no Mikoto, Kusanagi","Not yet released",,Unlimited,"23 January 2025",,
Minimalian,Minimalian,"Not yet released",,Unlimited,"23 January 2025",,
"Mitsurugi Prayers","Mitsurugi Prayers","Not yet released",,Unlimited,"23 January 2025",,
"Curse of the Ancient Turtle","Curse of the Ancient Turtle","Not yet released",,Unlimited,"23 January 2025",,
"Pesanta the Troubadour Deity","Pesanta the Troubadour Deity",Unlimited,"1 January 2025","Not yet released",,,
"Bazoo the Soul Eater Beast","Bazoo the Soul Eater Beast",Unlimited,"21 December 2024","Not yet released",,,
Shateki,Shateki,Unlimited,"21 December 2024","Not yet released",,,
"Shadow Trouble","Shadow Trouble",Unlimited,"21 December 2024","Not yet released",,,
Festiballoon,Festiballoon,Unlimited,"21 December 2024","Not yet released",,,
"Secret Stash Slipshod Squirrel","Secret Stash Slipshod Squirrel",Unlimited,"21 December 2024","Not yet released",,,
"Endymion, the Crescent of Magistus","Endymion, the Crescent of Magistus",Unlimited,"20 December 2024","Not yet released",,,
"Steam Knight - BULLauncher","Steam Knight - BULLauncher",Unlimited,"3 December 2024","Not yet released",,,
"Horned Brute Carnovorus","Horned Brute Carnovorus",Unlimited,"21 November 2024","Not yet released",,,
"Double Fusion","Double Fusion",Unlimited,"21 October 2024","Not yet released",,,
"QQ Enneagon","QQ Enneagon","Not yet released",,Unlimited,"10 October 2024",,
"Heavy Cavalry of the Indestructible Insects","Heavy Cavalry of the Indestructible Insects","Not yet released",,Unlimited,"10 October 2024",,
"Mimighoul Fork","Mimighoul Fork","Not yet released",,Unlimited,"10 October 2024",,
"Mimighoul Armor","Mimighoul Armor","Not yet released",,Unlimited,"10 October 2024",,
"Phalaenop Sisters","Phalaenop Sisters","Not yet released",,Unlimited,"10 October 2024",,
"Giant Mimighoul","Giant Mimighoul","Not yet released",,Unlimited,"10 October 2024",,
"Insect Invitation","Insect Invitation","Not yet released",,Unlimited,"10 October 2024",,
"Release Brainwashing","Release Brainwashing","Not yet released",,Unlimited,"10 October 2024",,
"Mimighoul Slime","Mimighoul Slime","Not yet released",,Unlimited,"10 October 2024",,
"Mimighoul Fairy","Mimighoul Fairy","Not yet released",,Unlimited,"10 October 2024",,
"Supply Soldier of the Indestructible Insects","Supply Soldier of the Indestructible Insects","Not yet released",,Unlimited,"10 October 2024",,
"Mantman the Ultrahuman","Mantman the Ultrahuman","Not yet released",,Unlimited,"10 October 2024",,
"Mimighoul Throne","Mimighoul Throne","Not yet released",,Unlimited,"10 October 2024",,
"Denial Deity Dotan","Denial Deity Dotan","Not yet released",,Unlimited,"10 October 2024",,
"Butterfly Fish","Butterfly Fish","Not yet released",,Unlimited,"10 October 2024",,
"Odd-Eyes Solblaze Dragon","Odd-Eyes Solblaze Dragon",Unlimited,"4 October 2024","Not yet released",,,
"Mimighoul Charm","Mimighoul Charm","Not yet released",,Unlimited,"4 October 2024",,
"Spoon, the Seal of Magistus","Spoon, the Seal of Magistus",Unlimited,"4 October 2024","Not yet released",,,
"Space Omajinai Usagi","Space Omajinai Usagi",Unlimited,"1 October 2024","Not yet released",,,
"Elttaes, the MASTER of DUELS","Elttaes, the MASTER of DUELS","Not yet released",,Illegal,"8 September 2024",,
"Dragon of Illumination, Sanctuary's Shield","Dragon of Illumination, Sanctuary's Shield","Not yet released",,Illegal,"8 September 2024",,
"Anotherverse Solaria","Anotherverse Solaria","Not yet released",,Unlimited,"18 August 2024",,
"Necroquip Princess","Necroquip Princess","Not yet released",,Unlimited,"18 July 2024",,
"Magicolloidal Sol","Magicolloidal Sol","Not yet released",,Unlimited,"18 July 2024",,
"Mimighoul Dungeon","Mimighoul Dungeon","Not yet released",,Unlimited,"18 July 2024",,
Kuebiko,Kuebiko,"Not yet released",,Unlimited,"18 July 2024",,
"Dipsea Fiend","Dipsea Fiend","Not yet released",,Unlimited,"18 July 2024",,
"The League of Uniform Nomenclature Strikes","The League of Uniform Nomenclature Strikes","Not yet released",,Unlimited,"18 July 2024",,
"Mimighoul Cerberus","Mimighoul Cerberus","Not yet released",,Unlimited,"18 July 2024",,
"Mimighoul Archfiend","Mimighoul Archfiend","Not yet released",,Unlimited,"18 July 2024",,
"Mimighoul Maker","Mimighoul Maker","Not yet released",,Unlimited,"18 July 2024",,
"Kochobo's Hinamatsuri","Kochobo's Hinamatsuri","Not yet released",,Unlimited,"18 July 2024",,
"Vulmina, Statue of the Sacred Dragon","Vulmina, Statue of the Sacred Dragon","Not yet released",,Unlimited,"18 July 2024",,
"Mimighoul Master","Mimighoul Master","Not yet released",,Unlimited,"18 July 2024",,
"Zapper Shrimp","Zapper Shrimp","Not yet released",,Unlimited,"18 July 2024",,
"Aerial Eater","Aerial Eater","Not yet released",,Unlimited,"18 July 2024",,
"Mimighoul Room","Mimighoul Room","Not yet released",,Unlimited,"18 July 2024",,
"Mimighoul Dragon","Mimighoul Dragon","Not yet released",,Unlimited,"18 July 2024",,
"Ignihorse Dragonis","Ignihorse Dragonis",Unlimited,"1 July 2024","Not yet released",,,
"Infernity Queen","Infernity Queen",Unlimited,"21 March 2024","Not yet released",,,
"Legendary Dueling Field","Legendary Dueling Field",Unlimited,"3 February 2024","Not yet released",,,
"Ultimate Baseball Homerun King","Ultimate Baseball Homerun King",Unlimited,"3 February 2024","Not yet released",,,
"The Legend of Tickets","The Legend of Tickets",Unlimited,"3 February 2024","Not yet released",,,
"Time Dimension Hole","Time Dimension Hole",Unlimited,"3 February 2024","Not yet released",,,
"Big Inflate Dragon","Big Inflate Dragon",Unlimited,"3 February 2024","Not yet released",,,
"Combined Maneuver - Engage Zero!","Combined Maneuver - Engage Zero!",Unlimited,"4 January 2024","Not yet released",,,
"Surgical Striker - S.P.E.C.T.R.A.","Surgical Striker - S.P.E.C.T.R.A.",Unlimited,"21 November 2023","Not yet released",,,
"Burgundy the Magic Elf","Burgundy the Magic Elf",Unlimited,"21 September 2023","Not yet released",,,
"Junk Mail","Junk Mail",Unlimited,"21 September 2023","Not yet released",,,
"Anotherverse Gluttonia","Anotherverse Gluttonia","Not yet released",,Unlimited,"3 September 2023",,
"Flametongue the Burning Blade","Flametongue the Burning Blade",Unlimited,"4 August 2023","Not yet released",,,
"Overload Future Fusion","Overload Future Fusion",Unlimited,"21 June 2023","Not yet released",,,
"Steam Knight - Hamburk","Steam Knight - Hamburk",Unlimited,"6 June 2023","Not yet released",,,
"Sky Striker Ace - Camellia","Sky Striker Ace - Camellia",Unlimited,"2 June 2023","Not yet released",,,
"Absolute King - Megaplunder","Absolute King - Megaplunder",Unlimited,"3 April 2023","Not yet released",,,
"Power Pro Knight Sisters","Power Pro Knight Sisters",Unlimited,"16 January 2023","Not yet released",,,
"Chronicle Sorceress","Chronicle Sorceress",Unlimited,"18 March 2022","Not yet released",,,
"Power Pro Lady Sisters","Power Pro Lady Sisters",Unlimited,"18 January 2022","Not yet released",,,
"True Exodia","True Exodia",Unlimited,"20 November 2019","Not yet released",,,
Ankuriboh,Ankuriboh,Unlimited,"21 February 2019","Not yet released",,,
"Light Bringer Lucifer","Light Bringer Lucifer",Unlimited,"15 February 2019","Not yet released",,,
"Soul Unseal","Soul Unseal",Unlimited,"12 November 2018","Not yet released",,,
"Potato & Chips","Potato & Chips",Unlimited,"12 November 2018","Not yet released",,,
"Farm Delivery","Farm Delivery",Unlimited,"12 November 2018","Not yet released",,,
"Gigarays Gandora the Dragon of Destruction","Gigarays Gandora the Dragon of Destruction",Unlimited,"17 December 2016","Not yet released",,,
"Pegasus/Trap A","Pegasus/Trap A",Illegal,"25 May 2014","Not yet released",,,
"Z-ONE/Monster A","Z-ONE/Monster A",Illegal,"25 May 2014","Not yet released",,,
"Darkness/Trap D","Darkness/Trap D",Illegal,"25 May 2014","Not yet released",,,
"Pegasus/Spell A","Pegasus/Spell A",Illegal,"25 May 2014","Not yet released",,,
"Z-ONE/Trap C","Z-ONE/Trap C",Illegal,"25 May 2014","Not yet released",,,
"Don Thousand/Trap A","Don Thousand/Trap A",Illegal,"25 May 2014","Not yet released",,,
"Z-ONE/Trap A","Z-ONE/Trap A",Illegal,"25 May 2014","Not yet released",,,
"Darkness/Monster A","Darkness/Monster A",Illegal,"25 May 2014","Not yet released",,,
"Pegasus/Spell B","Pegasus/Spell B",Illegal,"25 May 2014","Not yet released",,,
"Don Thousand/Spell C","Don Thousand/Spell C",Illegal,"25 May 2014","Not yet released",,,
"Z-ONE/Monster B","Z-ONE/Monster B",Illegal,"25 May 2014","Not yet released",,,
"Darkness/Monster B","Darkness/Monster B",Illegal,"25 May 2014","Not yet released",,,
"Pegasus/Monster C","Pegasus/Monster C",Illegal,"25 May 2014","Not yet released",,,
"Z-ONE/Trap B","Z-ONE/Trap B",Illegal,"25 May 2014","Not yet released",,,
"Don Thousand/Trap B","Don Thousand/Trap B",Illegal,"25 May 2014","Not yet released",,,
"Don Thousand/Monster C","Don Thousand/Monster C",Illegal,"25 May 2014","Not yet released",,,
"Z-ONE/Monster C","Z-ONE/Monster C",Illegal,"25 May 2014","Not yet released",,,
"Darkness/Spell A","Darkness/Spell A",Illegal,"25 May 2014","Not yet released",,,
"Pegasus/Monster A","Pegasus/Monster A",Illegal,"25 May 2014","Not yet released",,,
"Don Thousand/Monster A","Don Thousand/Monster A",Illegal,"25 May 2014","Not yet released",,,
"Pegasus/Spell C","Pegasus/Spell C",Illegal,"25 May 2014","Not yet released",,,
"Darkness/Trap E","Darkness/Trap E",Illegal,"25 May 2014","Not yet released",,,
"Don Thousand/Spell B","Don Thousand/Spell B",Illegal,"25 May 2014","Not yet released",,,
"Z-ONE/Monster D","Z-ONE/Monster D",Illegal,"25 May 2014","Not yet released",,,
"Darkness/Trap A","Darkness/Trap A",Illegal,"25 May 2014","Not yet released",,,
"Pegasus/Monster B","Pegasus/Monster B",Illegal,"25 May 2014","Not yet released",,,
"Don Thousand/Spell A","Don Thousand/Spell A",Illegal,"25 May 2014","Not yet released",,,
"Darkness/Trap C","Darkness/Trap C",Illegal,"25 May 2014","Not yet released",,,
"Don Thousand/Monster B","Don Thousand/Monster B",Illegal,"25 May 2014","Not yet released",,,
"Z-ONE/Monster E","Z-ONE/Monster E",Illegal,"25 May 2014","Not yet released",,,
"Darkness/Trap B","Darkness/Trap B",Illegal,"25 May 2014","Not yet released",,,
"Pegasus/Monster D","Pegasus/Monster D",Illegal,"25 May 2014","Not yet released",,,
Nanana,Nanana,Unlimited,"28 April 2014","Not yet released",,,
"Creator of Miracles","Creator of Miracles",Illegal,"1 January 2014","Not yet released",,,
"Winning Formula","Winning Formula",Illegal,"1 July 2013","Not yet released",,,
"Creator of Hope","Creator of Hope",Illegal,"1 April 2013","Not yet released",,,
"Magi Magi ☆ Magician Gal","Magi Magi ☆ Magician Gal",Unlimited,"12 December 2011","Not yet released",,,
"Holactie the Creator of Light","Holactie the Creator of Light",Unlimited,"10 December 2011","Not yet released",,,
"Queen Nereia the Silvercrown","Queen Nereia the Silvercrown","Not yet released",,Illegal,"14 August 2011",,
"Grizzly, the Red Star Beast","Grizzly, the Red Star Beast","Not yet released",,Illegal,"15 August 2010",,
Troposphere,Troposphere,Unlimited,"21 May 2010","Not yet released",,,
"Skuna, the Leonine Rakan","Skuna, the Leonine Rakan","Not yet released",,Illegal,"9 August 2009",,
"Lorelei, the Symphonic Arsenal","Lorelei, the Symphonic Arsenal","Not yet released",,Illegal,"10 August 2008",,
Shuttleroid,Shuttleroid,Unlimited,"22 December 2007","Not yet released",,,
"Emperor of Lightning","Emperor of Lightning","Not yet released",,Illegal,"28 July 2007",,
"Get Your Game On!","Get Your Game On!","Not yet released",,Illegal,"28 July 2007",,
"Armament of the Lethal Lords","Armament of the Lethal Lords","Not yet released",,Illegal,"2 July 2006",,
"The Seal of Orichalcos (UDE promo)","The Seal of Orichalcos","Not yet released",,Illegal,"18 August 2005",,
"King of Destruction - Xexex","King of Destruction - Xexex","Not yet released",,Illegal,"7 August 2005",,
"Queen of Fate - Eternia","Queen of Fate - Eternia","Not yet released",,Illegal,"7 August 2005",,
"Tyler the Great Warrior","Tyler the Great Warrior","Not yet released",,Unlimited,"5 August 2005",,
Ulevo,Ulevo,"Not yet released",,Illegal,"25 July 2004",,
"Meteo the Matchless","Meteo the Matchless","Not yet released",,Illegal,"25 July 2004",,
"Tomohiro the Mountain Warrior","Tomohiro the Mountain Warrior",Illegal,"19 March 2000","Not yet released",,,
"Yasushi the Skull Knight","Yasushi the Skull Knight",Illegal,"19 March 2000","Not yet released",,,
"Masahiro the Dark Clown","Masahiro the Dark Clown",Illegal,"19 March 2000","Not yet released",,,
"Ancient Sorcerer","Ancient Sorcerer",Unlimited,"1 March 2000","Not yet released",,,
"Beautiful Beast Trainer","Beautiful Beast Trainer",Unlimited,"1 March 2000","Not yet released",,,
"Night Lizard","Night Lizard",Unlimited,"1 March 2000","Not yet released",,,
"Job-Change Mirror","Job-Change Mirror",Unlimited,"1 March 2000","Not yet released",,,
"Waterdragon Fairy","Waterdragon Fairy",Unlimited,"27 January 2000","Not yet released",,,
"Arma Knight","Arma Knight",Unlimited,"27 January 2000","Not yet released",,,
Togex,Togex,Unlimited,"27 January 2000","Not yet released",,,
Arlownay,Arlownay,Unlimited,"27 January 2000","Not yet released",,,
"Royal Guard","Royal Guard",Unlimited,"27 January 2000","Not yet released",,,
"Cyber Soldier","Cyber Soldier",Unlimited,"27 January 2000","Not yet released",,,
"Dark Chimera","Dark Chimera",Unlimited,"27 January 2000","Not yet released",,,
"Ghoul with an Appetite","Ghoul with an Appetite",Unlimited,"27 January 2000","Not yet released",,,
"Fiend Sword","Fiend Sword",Unlimited,"27 January 2000","Not yet released",,,
Zanki,Zanki,Unlimited,"27 January 2000","Not yet released",,,
"Monstrous Bird","Monstrous Bird",Unlimited,"27 January 2000","Not yet released",,,
Akakieisu,Akakieisu,Unlimited,"27 January 2000","Not yet released",,,
"B. Dragon Jungle King","B. Dragon Jungle King",Unlimited,"27 January 2000","Not yet released",,,
"Boulder Tortoise","Boulder Tortoise",Unlimited,"1 December 1999","Not yet released",,,
"Spirit of the Winds","Spirit of the Winds",Unlimited,"1 December 1999","Not yet released",,,
"Rock Spirit","Rock Spirit",Unlimited,"1 December 1999","Not yet released",,,
Mechaleon,Mechaleon,Unlimited,"1 December 1999","Not yet released",,,
"Ill Witch","Ill Witch",Unlimited,"1 December 1999","Not yet released",,,
"Dragon Statue","Dragon Statue",Unlimited,"1 December 1999","Not yet released",,,
Garvas,Garvas,Unlimited,"1 December 1999","Not yet released",,,
"Lord of Zemia","Lord of Zemia",Unlimited,"18 November 1999","Not yet released",,,
"Giant Scorpion of the Tundra","Giant Scorpion of the Tundra",Unlimited,"18 November 1999","Not yet released",,,
"Dice Armadillo","Dice Armadillo",Unlimited,"18 November 1999","Not yet released",,,
Torike,Torike,Unlimited,"18 November 1999","Not yet released",,,
"Cyber Commander","Cyber Commander",Unlimited,"18 November 1999","Not yet released",,,
"Ice Water","Ice Water",Unlimited,"18 November 1999","Not yet released",,,
Kanikabuto,Kanikabuto,Unlimited,"18 November 1999","Not yet released",,,
"Laughing Flower","Laughing Flower",Unlimited,"18 November 1999","Not yet released",,,
"Air Eater","Air Eater",Unlimited,"18 November 1999","Not yet released",,,
"Sea King Dragon","Sea King Dragon",Unlimited,"18 November 1999","Not yet released",,,
Tenderness,Tenderness,Unlimited,"18 November 1999","Not yet released",,,
"Horn Imp","Horn Imp",Unlimited,"18 November 1999","Not yet released",,,
"Bolt Escargot","Bolt Escargot",Unlimited,"18 November 1999","Not yet released",,,
Krokodilus,Krokodilus,Unlimited,"17 October 1999","Not yet released",,,
"Tentacle Plant","Tentacle Plant",Unlimited,"17 October 1999","Not yet released",,,
"Wing Eagle","Wing Eagle",Unlimited,"17 October 1999","Not yet released",,,
"Aqua Snake","Aqua Snake",Unlimited,"17 October 1999","Not yet released",,,
Korogashi,Korogashi,Unlimited,"17 October 1999","Not yet released",,,
"Machine Attacker","Machine Attacker",Unlimited,"17 October 1999","Not yet released",,,
"30,000-Year White Turtle","30,000-Year White Turtle",Unlimited,"17 October 1999","Not yet released",,,
"Beaked Snake","Beaked Snake",Unlimited,"17 October 1999","Not yet released",,,
"Turtle Raccoon","Turtle Raccoon",Unlimited,"17 October 1999","Not yet released",,,
"Pot the Trick","Pot the Trick",Unlimited,"17 October 1999","Not yet released",,,
"Fungi of the Musk","Fungi of the Musk",Unlimited,"17 October 1999","Not yet released",,,
"Rainbow Marine Mermaid","Rainbow Marine Mermaid",Unlimited,"17 October 1999","Not yet released",,,
"The Thing That Hides in the Mud","The Thing That Hides in the Mud",Unlimited,"23 September 1999","Not yet released",,,
"Dark Shade","Dark Shade",Unlimited,"23 September 1999","Not yet released",,,
Hyo,Hyo,Unlimited,"23 September 1999","Not yet released",,,
"Wing Egg Elf","Wing Egg Elf",Unlimited,"23 September 1999","Not yet released",,,
"Bio Plant","Bio Plant",Unlimited,"23 September 1999","Not yet released",,,
"Acid Crawler","Acid Crawler",Unlimited,"23 September 1999","Not yet released",,,
"Armored Rat","Armored Rat",Unlimited,"23 September 1999","Not yet released",,,
"Crow Goblin","Crow Goblin",Unlimited,"23 September 1999","Not yet released",,,
"Toad Master","Toad Master",Unlimited,"23 September 1999","Not yet released",,,
"Winged Egg of New Life","Winged Egg of New Life",Unlimited,"26 August 1999","Not yet released",,,
"Orion the Battle King","Orion the Battle King",Unlimited,"26 August 1999","Not yet released",,,
"Fairy of the Fountain","Fairy of the Fountain",Unlimited,"26 August 1999","Not yet released",,,
"Mech Bass","Mech Bass",Unlimited,"26 August 1999","Not yet released",,,
"Barrel Rock","Barrel Rock",Unlimited,"26 August 1999","Not yet released",,,
"Spirit of the Mountain","Spirit of the Mountain",Unlimited,"26 August 1999","Not yet released",,,
"Gorgon Egg","Gorgon Egg",Unlimited,"26 August 1999","Not yet released",,,
"Emperor of the Land and Sea","Emperor of the Land and Sea",Unlimited,"26 August 1999","Not yet released",,,
Kattapillar,Kattapillar,Unlimited,"22 July 1999","Not yet released",,,
"Dokuroizo the Grim Reaper","Dokuroizo the Grim Reaper",Unlimited,"22 July 1999","Not yet released",,,
"Tao the Chanter","Tao the Chanter",Unlimited,"22 July 1999","Not yet released",,,
"Fiend Reflection 1","Fiend Reflection #1",Unlimited,"22 July 1999","Not yet released",,,
"Water Girl","Water Girl",Unlimited,"22 July 1999","Not yet released",,,
"Barrel Lily","Barrel Lily",Unlimited,"22 July 1999","Not yet released",,,
"Kappa Avenger","Kappa Avenger",Unlimited,"5 July 1999","Not yet released",,,
Yashinoki,Yashinoki,Unlimited,"5 July 1999","Not yet released",,,
"Living Vase","Living Vase",Unlimited,"5 July 1999","Not yet released",,,
Doriado,Doriado,Unlimited,"5 July 1999","Not yet released",,,
Lisark,Lisark,Unlimited,"5 July 1999","Not yet released",,,
"Leo Wizard","Leo Wizard",Unlimited,"5 July 1999","Not yet released",,,
"Mon Larvas","Mon Larvas",Unlimited,"5 July 1999","Not yet released",,,
"Minomushi Warrior","Minomushi Warrior",Unlimited,"5 July 1999","Not yet released",,,
LaMoon,LaMoon,Unlimited,"5 July 1999","Not yet released",,,
Yormungarde,Yormungarde,Unlimited,"5 July 1999","Not yet released",,,
Muse-A,Muse-A,Unlimited,"5 July 1999","Not yet released",,,
Tatsunootoshigo,Tatsunootoshigo,Unlimited,"5 July 1999","Not yet released",,,
"Binding Chain","Binding Chain",Unlimited,"27 May 1999","Not yet released",,,
Ganigumo,Ganigumo,Unlimited,"27 May 1999","Not yet released",,,
"The Wandering Doomed","The Wandering Doomed",Unlimited,"27 May 1999","Not yet released",,,
Kamakiriman,Kamakiriman,Unlimited,"27 May 1999","Not yet released",,,
Eldeen,Eldeen,Unlimited,"27 May 1999","Not yet released",,,
"Megirus Light","Megirus Light",Unlimited,"25 May 1999","Not yet released",,,
Fairywitch,Fairywitch,Unlimited,"25 May 1999","Not yet released",,,
Akihiron,Akihiron,Unlimited,"25 May 1999","Not yet released",,,
"Stone Ghost","Stone Ghost",Unlimited,"25 May 1999","Not yet released",,,
"Abyss Flower","Abyss Flower",Unlimited,"25 May 1999","Not yet released",,,
Mabarrel,Mabarrel,Unlimited,"25 May 1999","Not yet released",,,
"Wood Clown","Wood Clown",Unlimited,"25 May 1999","Not yet released",,,
"Bone Mouse","Bone Mouse",Unlimited,"25 May 1999","Not yet released",,,
Bat,Bat,Unlimited,"25 May 1999","Not yet released",,,
"Boo Koo","Boo Koo",Unlimited,"25 May 1999","Not yet released",,,
"White Dolphin","White Dolphin",Unlimited,"25 May 1999","Not yet released",,,
Zarigun,Zarigun,Unlimited,"25 May 1999","Not yet released",,,
"One Who Hunts Souls","One Who Hunts Souls",Unlimited,"25 May 1999","Not yet released",,,
"The Bewitching Phantom Thief","The Bewitching Phantom Thief",Unlimited,"27 March 1999","Not yet released",,,
Solitude,Solitude,Unlimited,"27 March 1999","Not yet released",,,
Dorover,Dorover,Unlimited,"27 March 1999","Not yet released",,,
"Wood Remains","Wood Remains",Unlimited,"27 March 1999","Not yet released",,,
"Supporter in the Shadows","Supporter in the Shadows",Unlimited,"27 March 1999","Not yet released",,,
Holograh,Holograh,Unlimited,"27 March 1999","Not yet released",,,
"Spiked Snail","Spiked Snail",Unlimited,"18 March 1999","Not yet released",,,
"Rock Ogre Grotto 2","Rock Ogre Grotto #2",Unlimited,"18 March 1999","Not yet released",,,
Genin,Genin,Unlimited,"18 March 1999","Not yet released",,,
"Ancient Tree of Enlightenment","Ancient Tree of Enlightenment",Unlimited,"6 March 1999","Not yet released",,,
"Madjinn Gunn","Madjinn Gunn",Unlimited,"6 March 1999","Not yet released",,,
"Mountain Warrior","Mountain Warrior",Unlimited,"6 March 1999","Not yet released",,,
"Serpent Marauder","Serpent Marauder",Unlimited,"6 March 1999","Not yet released",,,
"Mystery Hand","Mystery Hand",Unlimited,"6 March 1999","Not yet released",,,
"Masked Clown","Masked Clown",Unlimited,"6 March 1999","Not yet released",,,
"Lunar Queen Elzaim","Lunar Queen Elzaim",Unlimited,"6 March 1999","Not yet released",,,
Monsturtle,Monsturtle,Unlimited,"6 March 1999","Not yet released",,,
Hurricail,Hurricail,Unlimited,"1 March 1999","Not yet released",,,
"Phantom Ghost","Phantom Ghost",Unlimited,"1 March 1999","Not yet released",,,
"Mystical Capture Chain","Mystical Capture Chain",Unlimited,"1 March 1999","Not yet released",,,
"The Melting Red Shadow","The Melting Red Shadow",Unlimited,"1 March 1999","Not yet released",,,
"Dark Plant","Dark Plant",Unlimited,"1 March 1999","Not yet released",,,
"Weather Control","Weather Control",Unlimited,"1 March 1999","Not yet released",,,
"Mech Mole Zombie","Mech Mole Zombie",Unlimited,"1 March 1999","Not yet released",,,
"Lucky Trinket","Lucky Trinket",Unlimited,"1 March 1999","Not yet released",,,
"Vishwar Randi","Vishwar Randi",Unlimited,"1 March 1999","Not yet released",,,
"Gate Deeg","Gate Deeg",Unlimited,"1 March 1999","Not yet released",,,
"Graveyard and the Hand of Invitation","Graveyard and the Hand of Invitation",Unlimited,"1 March 1999","Not yet released",,,
"Nightmare Scorpion","Nightmare Scorpion",Unlimited,"1 March 1999","Not yet released",,,
"Water Element","Water Element",Unlimited,"1 March 1999","Not yet released",,,
"Phantom Dewan","Phantom Dewan",Unlimited,"1 March 1999","Not yet released",,,
"Ancient Jar","Ancient Jar",Unlimited,"1 March 1999","Not yet released",,,
Synchar,Synchar,Unlimited,"1 March 1999","Not yet released",,,
"Fire Eye","Fire Eye",Unlimited,"1 March 1999","Not yet released",,,
"Djinn the Watcher of the Wind","Djinn the Watcher of the Wind",Unlimited,"1 March 1999","Not yet released",,,
"Man-Eating Plant","Man-Eating Plant",Unlimited,"1 March 1999","Not yet released",,,
"Yamatano Dragon Scroll","Yamatano Dragon Scroll",Unlimited,"1 March 1999","Not yet released",,,
"Wicked Dragon with the Ersatz Head","Wicked Dragon with the Ersatz Head",Unlimited,"1 March 1999","Not yet released",,,
"Midnight Fiend","Midnight Fiend",Unlimited,"1 March 1999","Not yet released",,,
"Embryonic Beast","Embryonic Beast",Unlimited,"1 March 1999","Not yet released",,,
"Twin Long Rods 1","Twin Long Rods #1",Unlimited,"1 March 1999","Not yet released",,,
Doron,Doron,Unlimited,"1 March 1999","Not yet released",,,
"Zera the Mant (Normal)","Zera the Mant",Unlimited,"21 February 1999","Not yet released",,,
"Super War-Lion (Normal)","Super War-Lion",Unlimited,"21 February 1999","Not yet released",,,
"Fiend's Mirror (Normal)","Fiend's Mirror",Unlimited,"21 February 1999","Not yet released",,,
"LaLa Li-oon","LaLa Li-oon",Unlimited,"4 February 1999","Not yet released",,,
"The Drdek","The Drdek",Unlimited,"4 February 1999","Not yet released",,,
Eyearmor,Eyearmor,Unlimited,"4 February 1999","Not yet released",,,
"Candle of Fate","Candle of Fate",Unlimited,"4 February 1999","Not yet released",,,
"Archfiend Mirror","Archfiend Mirror",Unlimited,"4 February 1999","Not yet released",,,
Hitodenchak,Hitodenchak,Unlimited,"4 February 1999","Not yet released",,,
"Fiend's Hand","Fiend's Hand",Unlimited,"4 February 1999","Not yet released",,,
"WINDS OF VICTORY","WINDS OF VICTORY","Not yet released",,"Not yet released",,,
"Trap of the Poisonous Scorpion","Trap of the Poisonous Scorpion","Not yet released",,"Not yet released",,,
